{
  "posts": [
    {
      "music": {
        "name": "Lovework",
        "artist": "Black Light Smoke",
        "url": "https://www.last.fm/music/Black+Light+Smoke/_/Lovework",
        "streamable": "FIXME",
        "listeners": "2968",
        "image": [
          {
            "#text": "https://lastfm-img2.akamaized.net/i/u/34s/7a34e35f2b2c1f239682061ca53b3886.png",
            "size": "small"
          },
          {
            "#text": "https://lastfm-img2.akamaized.net/i/u/64s/7a34e35f2b2c1f239682061ca53b3886.png",
            "size": "medium"
          },
          {
            "#text": "https://lastfm-img2.akamaized.net/i/u/174s/7a34e35f2b2c1f239682061ca53b3886.png",
            "size": "large"
          },
          {
            "#text": "https://lastfm-img2.akamaized.net/i/u/300x300/7a34e35f2b2c1f239682061ca53b3886.png",
            "size": "extralarge"
          }
        ],
        "mbid": ""
      },
      "id": 1
    },
    {
      "music": {
        "name": "LoveWave",
        "artist": "Iveta Mukuchyan",
        "url": "https://www.last.fm/music/Iveta+Mukuchyan/_/LoveWave",
        "streamable": "FIXME",
        "listeners": "1962",
        "image": [
          {
            "#text": "https://lastfm-img2.akamaized.net/i/u/34s/021ade3ef9629fdd90bb9d300bc38b93.png",
            "size": "small"
          },
          {
            "#text": "https://lastfm-img2.akamaized.net/i/u/64s/021ade3ef9629fdd90bb9d300bc38b93.png",
            "size": "medium"
          },
          {
            "#text": "https://lastfm-img2.akamaized.net/i/u/174s/021ade3ef9629fdd90bb9d300bc38b93.png",
            "size": "large"
          },
          {
            "#text": "https://lastfm-img2.akamaized.net/i/u/300x300/021ade3ef9629fdd90bb9d300bc38b93.png",
            "size": "extralarge"
          }
        ],
        "mbid": ""
      },
      "id": 2
    },
    {
      "music": {
        "name": "LoveWave - Eurovision 2016 - Armenia",
        "artist": "Iveta Mukuchyan",
        "url": "https://www.last.fm/music/Iveta+Mukuchyan/_/LoveWave+-+Eurovision+2016+-+Armenia",
        "streamable": "FIXME",
        "listeners": "5098",
        "image": [
          {
            "#text": "https://lastfm-img2.akamaized.net/i/u/34s/021ade3ef9629fdd90bb9d300bc38b93.png",
            "size": "small"
          },
          {
            "#text": "https://lastfm-img2.akamaized.net/i/u/64s/021ade3ef9629fdd90bb9d300bc38b93.png",
            "size": "medium"
          },
          {
            "#text": "https://lastfm-img2.akamaized.net/i/u/174s/021ade3ef9629fdd90bb9d300bc38b93.png",
            "size": "large"
          },
          {
            "#text": "https://lastfm-img2.akamaized.net/i/u/300x300/021ade3ef9629fdd90bb9d300bc38b93.png",
            "size": "extralarge"
          }
        ],
        "mbid": ""
      },
      "id": 3
    }
  ],
  "comments": [],
  "details": [],
  "trends": [
    {
      "music": {
        "name": "Nasa",
        "duration": "0",
        "playcount": "707046",
        "listeners": "78950",
        "mbid": "",
        "url": "https://www.last.fm/music/Ariana+Grande/_/Nasa",
        "streamable": {
          "#text": "0",
          "fulltrack": "0"
        },
        "artist": {
          "name": "Ariana Grande",
          "mbid": "f4fdbb4c-e4b7-47a0-b83b-d91bbfcfa387",
          "url": "https://www.last.fm/music/Ariana+Grande"
        },
        "image": [
          {
            "#text": "https://lastfm-img2.akamaized.net/i/u/34s/6a5724bbcd4136c35f57e30ba681a9f3.png",
            "size": "small"
          },
          {
            "#text": "https://lastfm-img2.akamaized.net/i/u/64s/6a5724bbcd4136c35f57e30ba681a9f3.png",
            "size": "medium"
          },
          {
            "#text": "https://lastfm-img2.akamaized.net/i/u/174s/6a5724bbcd4136c35f57e30ba681a9f3.png",
            "size": "large"
          },
          {
            "#text": "https://lastfm-img2.akamaized.net/i/u/300x300/6a5724bbcd4136c35f57e30ba681a9f3.png",
            "size": "extralarge"
          }
        ]
      },
      "id": 1
    },
    {
      "music": {
        "name": "Bloodline",
        "duration": "0",
        "playcount": "753526",
        "listeners": "77751",
        "mbid": "",
        "url": "https://www.last.fm/music/Ariana+Grande/_/Bloodline",
        "streamable": {
          "#text": "0",
          "fulltrack": "0"
        },
        "artist": {
          "name": "Ariana Grande",
          "mbid": "f4fdbb4c-e4b7-47a0-b83b-d91bbfcfa387",
          "url": "https://www.last.fm/music/Ariana+Grande"
        },
        "image": [
          {
            "#text": "https://lastfm-img2.akamaized.net/i/u/34s/6a5724bbcd4136c35f57e30ba681a9f3.png",
            "size": "small"
          },
          {
            "#text": "https://lastfm-img2.akamaized.net/i/u/64s/6a5724bbcd4136c35f57e30ba681a9f3.png",
            "size": "medium"
          },
          {
            "#text": "https://lastfm-img2.akamaized.net/i/u/174s/6a5724bbcd4136c35f57e30ba681a9f3.png",
            "size": "large"
          },
          {
            "#text": "https://lastfm-img2.akamaized.net/i/u/300x300/6a5724bbcd4136c35f57e30ba681a9f3.png",
            "size": "extralarge"
          }
        ]
      },
      "id": 2
    },
    {
      "music": {
        "name": "bury a friend",
        "duration": "0",
        "playcount": "535137",
        "listeners": "75914",
        "mbid": "",
        "url": "https://www.last.fm/music/Billie+Eilish/_/bury+a+friend",
        "streamable": {
          "#text": "0",
          "fulltrack": "0"
        },
        "artist": {
          "name": "Billie Eilish",
          "mbid": "",
          "url": "https://www.last.fm/music/Billie+Eilish"
        },
        "image": [
          {
            "#text": "https://lastfm-img2.akamaized.net/i/u/34s/5dda1e196292bec1c30eb51ce148cace.png",
            "size": "small"
          },
          {
            "#text": "https://lastfm-img2.akamaized.net/i/u/64s/5dda1e196292bec1c30eb51ce148cace.png",
            "size": "medium"
          },
          {
            "#text": "https://lastfm-img2.akamaized.net/i/u/174s/5dda1e196292bec1c30eb51ce148cace.png",
            "size": "large"
          },
          {
            "#text": "https://lastfm-img2.akamaized.net/i/u/300x300/5dda1e196292bec1c30eb51ce148cace.png",
            "size": "extralarge"
          }
        ]
      },
      "id": 3
    }
  ],
  "trenddetails": [],
  "detailsfav": [],
  "trenddetailsfav": [],
  "trenddetailsfav1": [],
  "profile": {
    "name": "typicode"
  }
}